{
  "job_posting": {
    "keywords": [
      "채용", "구인", "모집", "공고", "직원", "사원", "인재", "인력",
      "부서", "팀", "직무", "포지션", "업무", "담당", "책임",
      "근무", "근무시간", "근무일", "근무형태", "고용형태",
      "급여", "연봉", "월급", "보수", "복리후생", "혜택",
      "자격", "요건", "경력", "신입", "경험", "스킬", "기술",
      "지역", "위치", "근무지", "회사", "기업", "업체"
    ],
    "actions": [
      "form_assistance",
      "field_extraction",
      "content_generation"
    ]
  },
  "resume_analysis": {
    "keywords": [
      "이력서", "자기소개서", "경력기술서", "포트폴리오",
      "학력", "경력", "자격증", "수상", "프로젝트", "활동",
      "분석", "평가", "검토", "검증", "확인", "점검"
    ],
    "actions": [
      "resume_analysis",
      "skill_extraction",
      "experience_evaluation"
    ]
  },
  "interview_management": {
    "keywords": [
      "면접", "인터뷰", "채용면접", "1차면접", "2차면접", "최종면접",
      "면접관", "지원자", "후보자", "면접일정", "면접시간",
      "면접장소", "면접방식", "온라인면접", "오프라인면접",
      "면접평가", "면접결과", "합격", "불합격", "대기"
    ],
    "actions": [
      "interview_scheduling",
      "candidate_evaluation",
      "result_management"
    ]
  }
}

