{
  "sequence": [
    "department",
    "headcount",
    "experience",
    "workType",
    "workHours",
    "workDays",
    "salary",
    "locationCity",
    "mainDuties",
    "contactEmail",
    "deadline"
  ],
  "prompts": {
    "department": "구인 부서를 알려주세요.",
    "headcount": "구인 인원수는 몇 명인가요?",
    "experience": "경력 요건(신입/경력/연차)을 알려주세요.",
    "workType": "근무 형태(정규직/계약직/인턴 등)를 알려주세요.",
    "workHours": "근무 시간을 알려주세요. (예: 09:00~18:00, 유연근무제)",
    "workDays": "근무 요일을 알려주세요. (예: 월~금, 월~토)",
    "salary": "연봉(급여) 조건을 알려주세요.",
    "locationCity": "근무 위치(도시/지역)을 알려주세요.",
    "mainDuties": "주요 업무를 알려주세요.",
    "contactEmail": "연락처 이메일을 알려주세요.",
    "deadline": "마감일을 알려주세요."
  }
}

