{
  "job_posting": {
    "keywords": ["공고", "채용문", "모집", "채용공고", "채용 포스터", "채용 작성", "공고 작성"],
    "action": "fill_job_post_form"
  },
  "resume_analysis": {
    "keywords": ["지원서", "이력서", "자소서", "포트폴리오", "분석", "합격 가능성"],
    "action": "analyze_resume"
  },
  "interview_mgmt": {
    "keywords": ["면접", "일정", "평가", "질문", "스케줄", "인터뷰"],
    "action": "manage_interview"
  },
  "report_stats": {
    "keywords": ["통계", "리포트", "보고서", "PDF", "분석 자료"],
    "action": "generate_report"
  },
  "post_process": {
    "keywords": ["사후", "후기", "결과 정리", "피드백", "후속 조치"],
    "action": "post_process_workflow"
  }
}

